employee_id,employee_name,email,phone,hire_date,job_title,warehouse_id,tenure_years
1,Summer Payne,summer.payne@example.com,5151238181,2016-06-07 00:00:00,Public Accountant,1,2.6
2,Rose Stephens,rose.stephens@example.com,5151238080,2016-06-07 00:00:00,Accounting Manager,1,2.6
3,Annabelle Dunn,annabelle.dunn@example.com,5151234444,2016-09-17 00:00:00,Administration Assistant,1,2.3
4,Tommy Bailey,tommy.bailey@example.com,5151234567,2016-06-17 00:00:00,President,1,2.5
5,Blake Cooper,blake.cooper@example.com,5151234569,2016-01-13 00:00:00,Administration Vice President,1,3.0
6,Jude Rivera,jude.rivera@example.com,5151234568,2016-09-21 00:00:00,Administration Vice President,1,2.3
7,Tyler Ramirez,tyler.ramirez@example.com,5151244269,2016-09-28 00:00:00,Accountant,1,2.3
8,Ryan Gray,ryan.gray@example.com,5151244169,2016-08-16 00:00:00,Accountant,1,2.4
9,Elliot Brooks,elliot.brooks@example.com,5151244567,2016-12-07 00:00:00,Accountant,1,2.1
10,Elliott James,elliott.james@example.com,5151244369,2016-09-30 00:00:00,Accountant,1,2.3
11,Albert Watson,albert.watson@example.com,5151244469,2016-03-07 00:00:00,Accountant,1,2.8
12,Mohammad Peterson,mohammad.peterson@example.com,5151244569,2016-08-17 00:00:00,Finance Manager,1,2.4
13,Harper Spencer,harper.spencer@example.com,5151237777,2016-06-07 00:00:00,Human Resources Representative,1,2.6
14,Louie Richardson,louie.richardson@example.com,5904234567,2016-01-03 00:00:00,Programmer,1,3.0
15,Nathan Cox,nathan.cox@example.com,5904234568,2016-05-21 00:00:00,Programmer,1,2.6
16,Bobby Torres,bobby.torres@example.com,5904235567,2016-02-07 00:00:00,Programmer,1,2.9
17,Charles Ward,charles.ward@example.com,5904234560,2016-02-05 00:00:00,Programmer,1,2.9
18,Gabriel Howard,gabriel.howard@example.com,59042345692,2016-06-25 00:00:00,Programmer,1,2.5
19,Emma Perkins,emma.perkins@example.com,5151235555,2016-02-17 00:00:00,Marketing Manager,1,2.9
20,Amelie Hudson,amelie.hudson@example.com,6031236666,2016-08-17 00:00:00,Marketing Representative,1,2.4
21,Gracie Gardner,gracie.gardner@example.com,5151238888,2016-06-07 00:00:00,Public Relations Representative,1,2.6
22,Frederick Price,frederick.price@example.com,5151274563,2016-12-24 00:00:00,Purchasing Clerk,1,2.0
23,Alex Sanders,alex.sanders@example.com,5151274562,2016-05-18 00:00:00,Purchasing Clerk,1,2.6
24,Ollie Bennett,ollie.bennett@example.com,5151274564,2016-07-24 00:00:00,Purchasing Clerk,1,2.4
25,Louis Wood,louis.wood@example.com,5151274565,2016-11-15 00:00:00,Purchasing Clerk,1,2.1
26,Dexter Barnes,dexter.barnes@example.com,5151274566,2016-08-10 00:00:00,Purchasing Clerk,1,2.4
27,Rory Kelly,rory.kelly@example.com,5151274561,2016-12-07 00:00:00,Purchasing Manager,1,2.1
28,Isabella Cole,isabella.cole@example.com,11441344619268,2016-10-15 00:00:00,Sales Manager,1,2.2
29,Jessica Woods,jessica.woods@example.com,11441344429278,2016-03-10 00:00:00,Sales Manager,1,2.8
30,Ella Wallace,ella.wallace@example.com,11441344467268,2016-01-05 00:00:00,Sales Manager,1,3.0
31,Ava Sullivan,ava.sullivan@example.com,11441344429268,2016-10-01 00:00:00,Sales Manager,1,2.2
32,Mia West,mia.west@example.com,11441344429018,2016-01-29 00:00:00,Sales Manager,1,2.9
33,Evie Harrison,evie.harrison@example.com,11441344486508,2016-11-23 00:00:00,Sales Representative,1,2.1
34,Scarlett Gibson,scarlett.gibson@example.com,11441345429268,2016-01-30 00:00:00,Sales Representative,1,2.9
35,Ruby Mcdonald,ruby.mcdonald@example.com,11441345929268,2016-03-04 00:00:00,Sales Representative,1,2.8
36,Chloe Cruz,chloe.cruz@example.com,11441345829268,2016-08-01 00:00:00,Sales Representative,1,2.4
37,Isabelle Marshall,isabelle.marshall@example.com,11441345729268,2016-03-10 00:00:00,Sales Representative,1,2.8
38,Daisy Ortiz,daisy.ortiz@example.com,11441345629268,2016-12-15 00:00:00,Sales Representative,1,2.0
39,Freya Gomez,freya.gomez@example.com,11441345529268,2016-11-03 00:00:00,Sales Representative,1,2.2
40,Elizabeth Dixon,elizabeth.dixon@example.com,11441644429262,2016-01-04 00:00:00,Sales Representative,1,3.0
41,Florence Freeman,florence.freeman@example.com,11441346229268,2016-03-19 00:00:00,Sales Representative,1,2.8
42,Alice Wells,alice.wells@example.com,11441346329268,2016-01-24 00:00:00,Sales Representative,1,2.9
43,Charlotte Webb,charlotte.webb@example.com,11441346529268,2016-02-23 00:00:00,Sales Representative,1,2.9
44,Sienna Simpson,sienna.simpson@example.com,11441346629268,2016-03-24 00:00:00,Sales Representative,1,2.8
45,Matilda Stevens,matilda.stevens@example.com,11441346729268,2016-04-21 00:00:00,Sales Representative,2,2.7
46,Evelyn Tucker,evelyn.tucker@example.com,11441343929268,2016-03-11 00:00:00,Sales Representative,2,2.8
47,Eva Porter,eva.porter@example.com,11441343829268,2016-03-23 00:00:00,Sales Representative,2,2.8
48,Millie Hunter,millie.hunter@example.com,11441343729268,2016-01-24 00:00:00,Sales Representative,2,2.9
49,Sofia Hicks,sofia.hicks@example.com,11441343629268,2016-02-23 00:00:00,Sales Representative,2,2.9
50,Lucy Crawford,lucy.crawford@example.com,11441343529268,2016-03-24 00:00:00,Sales Representative,2,2.8
51,Elsie Henry,elsie.henry@example.com,11441343329268,2016-04-21 00:00:00,Sales Representative,2,2.7
52,Imogen Boyd,imogen.boyd@example.com,11441644429267,2016-05-11 00:00:00,Sales Representative,2,2.6
53,Layla Mason,layla.mason@example.com,11441644429266,2016-03-19 00:00:00,Sales Representative,2,2.8
54,Rosie Morales,rosie.morales@example.com,11441644429265,2016-03-24 00:00:00,Sales Representative,2,2.8
55,Maya Kennedy,maya.kennedy@example.com,11441644429264,2016-04-23 00:00:00,Sales Representative,2,2.7
56,Esme Warren,esme.warren@example.com,11441644429263,2016-05-24 00:00:00,Sales Representative,2,2.6
57,Grace Ellis,grace.ellis@example.com,11441344987668,2016-12-09 00:00:00,Sales Representative,2,2.1
58,Lily Fisher,lily.fisher@example.com,11441344498718,2016-03-30 00:00:00,Sales Representative,2,2.8
59,Sophia Reynolds,sophia.reynolds@example.com,11441344478968,2016-08-20 00:00:00,Sales Representative,2,2.4
60,Sophie Owens,sophie.owens@example.com,11441344345268,2016-03-24 00:00:00,Sales Representative,2,2.8
61,Poppy Jordan,poppy.jordan@example.com,11441344129268,2016-01-30 00:00:00,Sales Representative,2,2.9
62,Phoebe Murray,phoebe.murray@example.com,11441346129268,2016-11-11 00:00:00,Sales Representative,2,2.1
63,Holly Shaw,holly.shaw@example.com,6505091876,2016-01-27 00:00:00,Shipping Clerk,2,2.9
64,Emilia Holmes,emilia.holmes@example.com,6505092876,2016-02-20 00:00:00,Shipping Clerk,2,2.9
65,Molly Rice,molly.rice@example.com,6505093876,2016-06-24 00:00:00,Shipping Clerk,2,2.5
66,Ellie Robertson,ellie.robertson@example.com,6505094876,2016-02-07 00:00:00,Shipping Clerk,2,2.9
67,Jasmine Hunt,jasmine.hunt@example.com,6505051876,2016-06-14 00:00:00,Shipping Clerk,2,2.5
68,Eliza Black,eliza.black@example.com,6505052876,2016-08-13 00:00:00,Shipping Clerk,2,2.4
69,Lilly Daniels,lilly.daniels@example.com,6505053876,2016-07-11 00:00:00,Shipping Clerk,2,2.5
70,Abigail Palmer,abigail.palmer@example.com,6505054876,2016-12-19 00:00:00,Shipping Clerk,2,2.0
71,Georgia Mills,georgia.mills@example.com,6505011876,2016-02-04 00:00:00,Shipping Clerk,2,2.9
72,Maisie Nichols,maisie.nichols@example.com,6505012876,2016-03-03 00:00:00,Shipping Clerk,2,2.8
73,Eleanor Grant,eleanor.grant@example.com,6505013876,2016-07-01 00:00:00,Shipping Clerk,2,2.5
74,Hannah Knight,hannah.knight@example.com,6505014876,2016-03-17 00:00:00,Shipping Clerk,2,2.8
75,Harriet Ferguson,harriet.ferguson@example.com,6505079811,2016-04-24 00:00:00,Shipping Clerk,2,2.7
76,Amber Rose,amber.rose@example.com,6505079822,2016-05-23 00:00:00,Shipping Clerk,2,2.6
77,Bella Stone,bella.stone@example.com,6505079833,2016-06-21 00:00:00,Shipping Clerk,2,2.5
78,Thea Hawkins,thea.hawkins@example.com,6505079844,2016-01-13 00:00:00,Shipping Clerk,2,3.0
79,Lola Ramos,lola.ramos@example.com,6505079876,2016-01-24 00:00:00,Shipping Clerk,2,2.9
80,Willow Reyes,willow.reyes@example.com,6505079877,2016-02-23 00:00:00,Shipping Clerk,2,2.9
81,Ivy Burns,ivy.burns@example.com,6505079878,2016-06-21 00:00:00,Shipping Clerk,2,2.5
82,Erin Gordon,erin.gordon@example.com,6505079879,2016-02-03 00:00:00,Shipping Clerk,2,2.9
83,Reggie Simmons,reggie.simmons@example.com,6501248234,2016-04-10 00:00:00,Stock Clerk,2,2.7
84,Emily Hamilton,emily.hamilton@example.com,6501212874,2016-03-15 00:00:00,Stock Clerk,2,2.8
85,Olivia Ford,olivia.ford@example.com,6501212994,2016-01-29 00:00:00,Stock Clerk,2,2.9
86,Amelia Myers,amelia.myers@example.com,6501218009,2016-10-17 00:00:00,Stock Clerk,2,2.2
87,Connor Hayes,connor.hayes@example.com,6501211834,2016-04-06 00:00:00,Stock Clerk,2,2.7
88,Leon Powell,leon.powell@example.com,6501241214,2016-07-16 00:00:00,Stock Clerk,2,2.5
89,Kai Long,kai.long@example.com,6501241224,2016-09-28 00:00:00,Stock Clerk,3,2.3
90,Aaron Patterson,aaron.patterson@example.com,6501241334,2016-01-14 00:00:00,Stock Clerk,3,3.0
91,Roman Hughes,roman.hughes@example.com,6501241434,2016-03-08 00:00:00,Stock Clerk,3,2.8
92,Austin Flores,austin.flores@example.com,6501245234,2016-08-20 00:00:00,Stock Clerk,3,2.4
93,Ellis Washington,ellis.washington@example.com,6501246234,2016-10-30 00:00:00,Stock Clerk,3,2.2
94,Jamie Butler,jamie.butler@example.com,6501247234,2016-02-16 00:00:00,Stock Clerk,3,2.9
95,Isla Graham,isla.graham@example.com,6501212004,2016-07-09 00:00:00,Stock Clerk,3,2.5
96,Seth Foster,seth.foster@example.com,6501271934,2016-06-14 00:00:00,Stock Clerk,3,2.5
97,Carter Gonzales,carter.gonzales@example.com,6501271834,2016-08-26 00:00:00,Stock Clerk,3,2.3
98,Felix Bryant,felix.bryant@example.com,6501271734,2016-12-12 00:00:00,Stock Clerk,3,2.1
99,Ibrahim Alexander,ibrahim.alexander@example.com,6501271634,2016-02-06 00:00:00,Stock Clerk,3,2.9
100,Sonny Russell,sonny.russell@example.com,6501211234,2016-07-14 00:00:00,Stock Clerk,3,2.5
101,Kian Griffin,kian.griffin@example.com,6501212034,2016-10-26 00:00:00,Stock Clerk,3,2.2
102,Caleb Diaz,caleb.diaz@example.com,6501212019,2016-02-12 00:00:00,Stock Clerk,3,2.9
103,Ronnie Perry,ronnie.perry@example.com,6501235234,2016-11-16 00:00:00,Stock Manager,3,2.1
104,Callum Jenkins,callum.jenkins@example.com,6501234234,2016-10-10 00:00:00,Stock Manager,3,2.2
105,Jackso Coleman,jackson.coleman@example.com,6501233234,2016-05-01 00:00:00,Stock Manager,3,2.7
106,Liam Henderson,liam.henderson@example.com,6501232234,2016-04-10 00:00:00,Stock Manager,3,2.7
107,Jaxon Ross,jaxon.ross@example.com,6501231234,2016-07-18 00:00:00,Stock Manager,3,2.5
108,Adinolfi Wilson,AdinolfiWilson@gmail.com,6500123238,2011-07-05 00:00:00,Public Accountant,3,7.5
109,AitSidi Karthikeyan,AitSidKarthikeyan@gmail.com,19282275766,2015-03-30 00:00:00,Accounting Manager,3,3.8
110,Akinkuolie Sarah,AkinkuolieSarah@gmail.com,16236355939,2011-07-05 00:00:00,Administration Assistant,3,7.5
111,AlagbeTrina,AlagbeTrina@gmail.com,17076298896,2008-01-07 00:00:00,President,3,11.0
112,Anderson Carol,AndersonCarol@gmail.com,16996379730,2011-07-11 00:00:00,Administration Vice President,3,7.5
113,Anderson Linda,AndersonLinda@gmail.com,15190465626,2012-01-09 00:00:00,Administration Vice President,3,7.0
114,Andreola Colby,AndreolaColby@gmail.com,14205688507,2014-11-10 00:00:00,Accountant,3,4.1
115,Athwal Sam,AthwalSam@gmail.com,13148752023,2013-09-30 00:00:00,Accountant,3,5.3
116,Bachiochi Linda,BachiochiLinda@gmail.com,16644096769,2009-07-06 00:00:00,Accountant,3,9.5
117,Bacong Alejandro,BacongAlejandro@gmail.com,11408426123,2015-01-05 00:00:00,Accountant,3,4.0
118,Baczenski Rachael,BaczenskiRachael@gmail.com,13765413497,2011-01-10 00:00:00,Accountant,3,8.0
119,Barbara Thomas,BarbaraThomas@gmail.com,18459807305,2012-04-02 00:00:00,Finance Manager,3,6.8
120,Barbossa Hector,BarbossaHector@gmail.com,19071357973,2014-11-10 00:00:00,Human Resources Representative,3,4.1
121,Barone Francesco,BaroneFrancesco@gmail.com,14151206955,2012-02-20 00:00:00,Programmer,3,6.9
122,Barton Nader,BartonNader@gmail.com,11923174402,2012-09-24 00:00:00,Programmer,3,6.3
123,Bates Norman,BatesNorman@gmail.com,16740725604,2011-02-21 00:00:00,Programmer,3,7.9
124,Beak Kimberly,BeakKimberly@gmail.com,17925003303,2016-07-21 00:00:00,Programmer,3,2.4
125,Beatrice Courtney,BeatriceCourtney@gmail.com,18924803277,2011-04-04 00:00:00,Programmer,3,7.7
126,Becker Renee,BeckerRenee@gmail.com,12261940842,2014-07-07 00:00:00,Marketing Manager,3,4.5
127,Becker Scott,BeckerScott@gmail.com,12198034224,2013-07-08 00:00:00,Marketing Representative,3,5.5
128,Bernstein Sean,BernsteinSean@gmail.com,11870081186,2012-04-02 00:00:00,Public Relations Representative,3,6.8
129,Biden Lowan,BidenLowan@gmail.com,11694985502,2013-08-19 00:00:00,Purchasing Clerk,3,5.4
130,Billis Helen,BillisHelen@gmail.com,16735051175,2014-07-07 00:00:00,Purchasing Clerk,3,4.5
131,Blount Dianna,BlountDianna@gmail.com,18160173450,2011-04-04 00:00:00,Purchasing Clerk,3,7.7
132,Bondwell Betsy,BondwellBetsy@gmail.com,12443874821,2011-01-10 00:00:00,Purchasing Clerk,3,8.0
133,Booth Frank,BoothFrank@gmail.com,15883846698,2014-02-17 00:00:00,Purchasing Clerk,3,4.9
134,Boutwell Bonalyn,BoutwellBonalyn@gmail.com,16363837624,2015-02-16 00:00:00,Purchasing Manager,4,3.9
135,Bozzi Charles,BozziCharles@gmail.com,16998122567,2013-09-30 00:00:00,Sales Manager,4,5.3
136,Brill Donna,BrillDonna@gmail.com,15897136211,2012-04-02 00:00:00,Sales Manager,4,6.8
137,Brown Mia,BrownMia@gmail.com,15201679612,2008-10-27 00:00:00,Sales Manager,4,10.2
138,Buccheri Joseph,BuccheriJoseph@gmail.com,26531027628,2014-09-29 00:00:00,Sales Manager,4,4.3
139,Bugali Josephine,BugaliJosephine@gmail.com,26561577656,2013-11-11 00:00:00,Sales Manager,4,5.1
140,Bunbury Jessica,BunburyJessica@gmail.com,26590410851,2011-08-15 00:00:00,Sales Representative,4,7.4
141,Burke Joelle,BurkeJoelle@gmail.com,26537828071,2012-03-05 00:00:00,Sales Representative,4,6.8
142,Burkett Benjamin,BurkettBenjamin@gmail.com,26523655356,2011-04-04 00:00:00,Sales Representative,4,7.7
143,Cady Max,CadyMax@gmail.com,26595011322,2011-08-15 00:00:00,Sales Representative,4,7.4
144,Candie Calvin,CandieCalvin@gmail.com,26578277683,2016-01-28 00:00:00,Sales Representative,4,2.9
145,Carabbio Judith,CarabbioJudith@gmail.com,26504586171,2013-11-11 00:00:00,Sales Representative,4,5.1
146,Carey Michael,CareyMichael@gmail.com,26561396427,2014-03-31 00:00:00,Sales Representative,4,4.8
147,Carr Claudia,CarrClaudia@gmail.com,26589440240,2016-06-30 00:00:00,Sales Representative,4,2.5
148,Carter Michelle,CarterMichelle@gmail.com,26592192850,2014-08-18 00:00:00,Sales Representative,4,4.4
149,Chace Beatrice,ChaceBeatrice@gmail.com,26522661720,2014-09-29 00:00:00,Sales Representative,4,4.3
150,Champaigne Brian,ChampaigneBrian@gmail.com,26565429792,2016-09-06 00:00:00,Sales Representative,4,2.3
151,Chan Lin,ChanLin@gmail.com,26517224537,2014-05-12 00:00:00,Sales Representative,4,4.6
152,Chang Donovan,ChangDonovan@gmail.com,26568600526,2013-07-08 00:00:00,Sales Representative,4,5.5
153,Chigurh Anton,ChigurhAnton@gmail.com,26512270202,2012-05-14 00:00:00,Sales Representative,4,6.6
154,Chivukula Enola,ChivukulaEnola@gmail.com,26549962703,2011-06-27 00:00:00,Sales Representative,4,7.5
155,Cierpiszewski Caroline,CierpiszewskiCaroline@gmail.com,26501580180,2011-10-03 00:00:00,Sales Representative,4,7.2
156,Clayton Rick,ClaytonRick@gmail.com,26568959077,2012-09-05 00:00:00,Sales Representative,4,6.3
157,Cloninger Jennifer,CloningerJennifer@gmail.com,26551385856,2011-05-16 00:00:00,Sales Representative,4,7.6
158,Close Phil,ClosePhil@gmail.com,26591303944,2010-08-30 00:00:00,Sales Representative,4,8.3
159,Clukey Elijian,ClukeyElijian@gmail.com,26510443827,2016-07-06 00:00:00,Sales Representative,4,2.5
160,Cockel James,CockelJames@gmail.com,26553686374,2013-07-08 00:00:00,Sales Representative,4,5.5
161,Cole Spencer,ColeSpencer@gmail.com,26569902213,2011-07-11 00:00:00,Sales Representative,4,7.5
162,Corleone Michael,CorleoneMichael@gmail.com,26545381268,2010-07-20 00:00:00,Sales Representative,4,8.5
163,Corleone Vito,CorleoneVito@gmail.com,26511718831,2009-01-05 00:00:00,Sales Representative,4,10.0
164,Cornett Lisa,CornettLisa@gmail.com,26516974639,2015-01-05 00:00:00,Sales Representative,4,4.0
165,Costello Frank,CostelloFrank@gmail.com,26564076902,2015-03-30 00:00:00,Sales Representative,4,3.8
166,Crimmings   Jean,CrimmingsJean@gmail.com,26572926050,2016-07-06 00:00:00,Sales Representative,4,2.5
167,Cross Noah,CrossNoah@gmail.com,21682548350,2014-11-10 00:00:00,Sales Representative,4,4.1
168,Daneault Lynn,DaneaultLynn@gmail.com,21682684540,2014-05-05 00:00:00,Sales Representative,4,4.7
169,Daniele Ann,DanieleAnn@gmail.com,21619929588,2014-11-10 00:00:00,Sales Representative,4,4.1
170,Darson Jene'ya,DarsonJene@gmail.com'ya,21636972880,2012-07-02 00:00:00,Shipping Clerk,4,6.5
171,Davis Daniel,DavisDaniel@gmail.com,21630934934,2011-11-07 00:00:00,Shipping Clerk,4,7.2
172,Dee Randy,DeeRandy@gmail.com,21626070119,2018-07-09 00:00:00,Shipping Clerk,4,0.5
173,DeGweck  James,DeGweckJames@gmail.com,21681891078,2011-05-16 00:00:00,Shipping Clerk,4,7.6
174,"DelBosque, Keyla",DelBosquKeyla@gmail.com,21612573006,2012-01-09 00:00:00,Shipping Clerk,4,7.0
175,Delarge Alex,DelargeAlex@gmail.com,21677684639,2014-09-29 00:00:00,Shipping Clerk,4,4.3
176,Demita Carla,DemitaCarla@gmail.com,21695997331,2011-04-04 00:00:00,Shipping Clerk,4,7.7
177,Desimone Carl,DesimoneCarl@gmail.com,21641289850,2014-07-07 00:00:00,Shipping Clerk,4,4.5
178,DeVito Tommy,DeVitoTommy@gmail.com,21627520190,2017-02-15 00:00:00,Shipping Clerk,4,1.9
179,Dietrich Jenna,DietrichJenna@gmail.com,21618112246,2012-02-20 00:00:00,Shipping Clerk,5,6.9
180,DiNocco Lily,DiNoccoLily@gmail.com,21675752905,2013-01-07 00:00:00,Shipping Clerk,5,6.0
181,Dobrin Denisa,DobrinDenis@gmail.com,21679669628,2012-04-02 00:00:00,Shipping Clerk,5,6.8
182,Dolan Linda,DolanLinda@gmail.com,21662099581,2015-01-05 00:00:00,Shipping Clerk,5,4.0
183,Dougall Eric,DougallEric@gmail.com,21621194805,2014-01-05 00:00:00,Shipping Clerk,5,5.0
184,Driver Elle,DriverElle@gmail.com,21628531974,2011-01-10 00:00:00,Shipping Clerk,5,8.0
185,Dunn Amy,DunnAmy@gmail.com,21683278610,2014-09-18 00:00:00,Shipping Clerk,5,4.3
186,Dunne Amy,DunneAmy@gmail.com,21641982483,2010-04-26 00:00:00,Shipping Clerk,5,8.7
187,Eaton Marianne,EatonMarianne@gmail.com,21615525717,2011-04-04 00:00:00,Shipping Clerk,5,7.7
188,Engdahl Jean,EngdahlJean@gmail.com,21614304032,2014-11-10 00:00:00,Shipping Clerk,5,4.1
189,England Rex,EnglandRex@gmail.com,21653942147,2014-03-31 00:00:00,Shipping Clerk,5,4.8
190,Erilus Angela,ErilusAngela@gmail.com,21630070620,2014-07-07 00:00:00,Stock Clerk,5,4.5
191,Estremera Miguel,EstremeraMiguel@gmail.com,21663808048,2012-04-02 00:00:00,Stock Clerk,5,6.8
192,Evensen April,EvensenApril@gmail.com,21603256931,2014-02-17 00:00:00,Stock Clerk,5,4.9
193,Exantus Susan,ExantusSusan@gmail.com,21679209984,2011-05-02 00:00:00,Stock Clerk,5,7.7
194,Faller Megan,FallerMegan@gmail.com,21626336775,2014-07-07 00:00:00,Stock Clerk,5,4.5
195,Fancett Nicole,FancettNicole@gmail.com,21332122312,2014-02-17 00:00:00,Stock Clerk,5,4.9
196,Ferguson Susan,FergusonSusan@gmail.com,681743994,2011-11-07 00:00:00,Stock Clerk,5,7.2
197,Fernandes Nilson,FernandesNilson@gmail.com,681014415,2015-05-11 00:00:00,Stock Clerk,5,3.6
198,Fett Boba,FettBoba@gmail.com,681513792,2015-03-30 00:00:00,Stock Clerk,5,3.8
199,Fidelia  Libby,FideliaLibby@gmail.com,681614059,2012-01-09 00:00:00,Stock Clerk,5,7.0
200,Fitzpatrick Michael,FitzpatrickMichael@gmail.com,681619776,2011-05-16 00:00:00,Stock Clerk,5,7.6
201,Foreman Tanya,ForemanTanya@gmail.com,681171085,2011-04-04 00:00:00,Stock Clerk,5,7.7
202,Forrest Alex,ForrestAlex@gmail.com,681054046,2014-09-29 00:00:00,Stock Clerk,5,4.3
203,Foss Jason,FossJason@gmail.com,681358505,2011-04-15 00:00:00,Stock Clerk,5,7.7
204,FosterBaker Amy,FosterBake@gmail.com,681956068,2009-01-05 00:00:00,Stock Clerk,5,10.0
205,Fraval Maruk,FravalMaruk@gmail.com,681669104,2011-09-06 00:00:00,Stock Clerk,5,7.3
206,Galia Lisa,GaliaLisa@gmail.com,681168430,2010-05-01 00:00:00,Stock Clerk,5,8.7
207,Garcia Raul,GarciaRaul@gmail.com,681280256,2015-03-30 00:00:00,Stock Clerk,5,3.8
208,Gaul Barbara,GaulBarbara@gmail.com,681049820,2011-05-16 00:00:00,Stock Clerk,5,7.6
209,Gentry Mildred,GentryMildred@gmail.com,681865336,2015-03-30 00:00:00,Stock Clerk,5,3.8
210,Gerke Melisa,GerkeMelisa@gmail.com,681872794,2011-11-07 00:00:00,Stock Manager,5,7.2
211,Gill Whitney,GillWhitney@gmail.com,681719349,2014-07-07 00:00:00,Stock Manager,5,4.5
212,Gilles Alex,GillesAlex@gmail.com,681404669,2012-04-02 00:00:00,Stock Manager,5,6.8
213,Girifalco Evelyn,GirifalcoEvelyn@gmail.com,681975566,2014-09-29 00:00:00,Stock Manager,5,4.3
214,Givens Myriam,GivensMyriam@gmail.com,681479010,2015-02-16 00:00:00,Stock Manager,5,3.9
215,Goble Taisha,GobleTaisha@gmail.com,681428326,2015-02-16 00:00:00,Public Accountant,5,3.9
216,Goeth Amon,GoethAmon@gmail.com,681384235,2015-03-30 00:00:00,Accounting Manager,5,3.8
217,Gold Shenice,GoldShenice@gmail.com,681080263,2013-11-11 00:00:00,Administration Assistant,5,5.1
218,Gonzalez Cayo,GonzalezCayo@gmail.com,681783913,2011-07-11 00:00:00,President,5,7.5
219,Gonzalez Juan,GonzalezJuan@gmail.com,681004536,2010-04-26 00:00:00,Administration Vice President,5,8.7
220,Gonzalez Maria,GonzalezMaria@gmail.com,681000257,2015-01-05 00:00:00,Administration Vice President,5,4.0
221,Good Susan,GoodSusan@gmail.com,681141989,2014-05-12 00:00:00,Accountant,5,4.6
222,Gordon David,GordonDavid@gmail.com,681647896,2012-07-02 00:00:00,Accountant,5,6.5
223,Gosciminski Phylicia,GosciminskiPhylicia@gmail.com,681122864,2013-09-30 00:00:00,Accountant,6,5.3
224,Goyal Roxana,GoyalRoxana@gmail.com,681206706,2013-08-19 00:00:00,Accountant,6,5.4
225,Gray Elijiah,GrayElijiah@gmail.com,17100242216,2015-06-02 00:00:00,Accountant,6,3.6
226,Gross Paula,GrossPaula@gmail.com,17953806534,2011-02-21 00:00:00,Finance Manager,6,7.9
227,Gruber Hans,GruberHans@gmail.com,12352183583,2017-04-20 00:00:00,Human Resources Representative,6,1.7
228,Guilianno Mike,GuiliannoMike@gmail.com,11105896197,2012-03-07 00:00:00,Programmer,6,6.8
229,Handschiegl Joanne,HandschieglJoanne@gmail.com,18693087999,2011-11-28 00:00:00,Programmer,6,7.1
230,Hankard Earnest,HankardEarnest@gmail.com,18126913453,2013-11-11 00:00:00,Programmer,6,5.1
231,Harrington Christie,HarringtonChristie@gmail.com,16559558138,2012-01-09 00:00:00,Programmer,6,7.0
232,Harrison Kara,HarrisonKara@gmail.com,14839119763,2014-05-12 00:00:00,Programmer,6,4.6
233,Heitzman Anthony,HeitzmanAnthony@gmail.com,12065608314,2012-08-13 00:00:00,Marketing Manager,6,6.4
234,Hendrickson Trina,HendricksonTrina@gmail.com,11539916451,2011-01-10 00:00:00,Marketing Representative,6,8.0
235,Hitchcock Alfred,HitchcockAlfred@gmail.com,14133528143,2014-08-18 00:00:00,Public Relations Representative,6,4.4
236,Homberger Adrienne,HombergerAdrienne@gmail.com,13170091261,2011-08-15 00:00:00,Purchasing Clerk,6,7.4
237,Horton Jayne,HortonJayne@gmail.com,11482011199,2015-03-30 00:00:00,Purchasing Clerk,6,3.8
238,Houlihan Debra,HoulihanDebra@gmail.com,16044136744,2014-05-05 00:00:00,Purchasing Clerk,6,4.7
239,Howard Estelle,HowardEstelle@gmail.com,18815585993,2015-02-16 00:00:00,Purchasing Clerk,6,3.9
240,Hudson Jane,HudsonJane@gmail.com,10298389595,2012-02-20 00:00:00,Purchasing Clerk,6,6.9
241,Hunts Julissa,HuntsJulissa@gmail.com,11866390247,2016-06-06 00:00:00,Purchasing Manager,6,2.6
242,Hutter Rosalie,HutterRosalie@gmail.com,17388741294,2015-06-05 00:00:00,Sales Manager,6,3.6
243,Huynh Ming,HuynhMing@gmail.com,11714526298,2011-02-21 00:00:00,Sales Manager,6,7.9
244,Immediato Walter,ImmediatoWalter@gmail.com,15296153159,2011-02-21 00:00:00,Sales Manager,6,7.9
245,Ivey Rose,IveyRose@gmail.com,16107948550,2013-08-19 00:00:00,Sales Manager,6,5.4
246,Jackson Maryellen,JacksonMaryellen@gmail.com,11377788191,2012-11-05 00:00:00,Sales Manager,6,6.2
247,Jacobi Hannah,JacobiHannah@gmail.com,17470922486,2013-09-30 00:00:00,Sales Representative,6,5.3
248,Jeannite Tayana,JeanniteTayana@gmail.com,11567725833,2011-07-05 00:00:00,Sales Representative,6,7.5
249,Jhaveri Sneha,JhaveriSneha@gmail.com,13588495767,2014-01-06 00:00:00,Sales Representative,6,5.0
250,Johnson George,JohnsonGeorge@gmail.com,11228011800,2011-11-07 00:00:00,Sales Representative,6,7.2
251,Johnson Noelle,JohnsonNoelle@gmail.com,18329124938,2015-01-05 00:00:00,Sales Representative,6,4.0
252,Johnston Yen,JohnstonYen@gmail.com,11657640637,2014-07-07 00:00:00,Sales Representative,6,4.5
253,Jung Judy,JungJudy@gmail.com,17427314458,2011-01-10 00:00:00,Sales Representative,6,8.0
254,Kampew Donysha,KampewDonysha@gmail.com,9635425800800,2011-11-07 00:00:00,Sales Representative,6,7.2
255,Keatts Kramer,KeattsKramer@gmail.com,9634476940232,2013-09-30 00:00:00,Sales Representative,6,5.3
256,Khemmich Bartholemew,KhemmichBartholemew@gmail.com,9631436179340,2013-08-19 00:00:00,Sales Representative,6,5.4
257,King Janet,KingJanet@gmail.com,9637343530817,2012-07-02 00:00:00,Sales Representative,6,6.5
258,Kinsella Kathleen,KinsellaKathleen@gmail.com,9630857457237,2011-09-26 00:00:00,Sales Representative,6,7.3
259,Kirill Alexandra,KirillAlexandra@gmail.com,9633277064363,2011-09-26 00:00:00,Sales Representative,6,7.3
260,Knapp Bradley,KnappBradley@gmail.com,9635985726999,2014-02-17 00:00:00,Sales Representative,6,4.9
261,Kretschmer John,KretschmerJohn@gmail.com,9632958718803,2011-01-10 00:00:00,Sales Representative,6,8.0
262,Kreuger Freddy,KreugerFreddy@gmail.com,9635037151581,2011-03-07 00:00:00,Sales Representative,6,7.8
263,Lajiri Jyoti,LajiriJyoti@gmail.com,9637790876786,2014-11-10 00:00:00,Sales Representative,6,4.1
264,Landa Hans,LandaHans@gmail.com,9630514718356,2011-01-10 00:00:00,Sales Representative,6,8.0
265,Langford Lindsey,LangfordLindsey@gmail.com,9630035886046,2013-01-07 00:00:00,Sales Representative,6,6.0
266,Langton Enrico,LangtonEnrico@gmail.com,913552947,2012-07-09 00:00:00,Sales Representative,6,6.5
267,LaRotonda William,LaRotondaWilliam@gmail.com,34598372012,2014-01-06 00:00:00,Sales Representative,6,5.0
268,Latif Mohammed,LatifMohammed@gmail.com,34283949223,2012-04-02 00:00:00,Sales Representative,7,6.8
269,Le Binh,LeBinh@gmail.com,34168776319,2016-10-02 00:00:00,Sales Representative,7,2.2
270,Leach Dallas,LeachDallas@gmail.com,34772506263,2011-09-26 00:00:00,Sales Representative,7,7.3
271,LeBlanc Brandon,LeBlancBrandon@gmail.com,34939019986,2016-01-05 00:00:00,Sales Representative,7,3.0
272,Lecter Hannibal,LecterHannibal@gmail.com,34524504044,2012-05-14 00:00:00,Sales Representative,7,6.6
273,Leruth Giovanni,LeruthGiovanni@gmail.com,34880872504,2012-04-30 00:00:00,Sales Representative,7,6.7
274,Liebig Ketsia,LiebigKetsia@gmail.com,34727983724,2013-09-30 00:00:00,Sales Representative,7,5.3
275,Linares Marilyn,LinaresMarilyn@gmail.com,34179213148,2011-07-05 00:00:00,Sales Representative,7,7.5
276,Linden Mathew,LindenMathew@gmail.com,34319291943,2013-07-08 00:00:00,Sales Representative,7,5.5
277,Lindsay Leonara,LindsayLeonara@gmail.com,34802503805,2011-01-21 00:00:00,Shipping Clerk,7,7.9
278,Lundy Susan,LundySusan@gmail.com,34164839357,2013-07-08 00:00:00,Shipping Clerk,7,5.5
279,Lunquist Lisa,LunquistLisa@gmail.com,461868135,2013-08-19 00:00:00,Shipping Clerk,7,5.4
280,Lydon Allison,LydonAllison@gmail.com,34064019817,2015-02-16 00:00:00,Shipping Clerk,7,3.9
281,Lynch Lindsay,LynchLindsay@gmail.com,34984281863,2011-11-07 00:00:00,Shipping Clerk,7,7.2
282,MacLennan Samuel,MacLennanSamuel@gmail.com,34180057504,2012-09-24 00:00:00,Shipping Clerk,7,6.3
283,Mahoney Lauren,MahoneyLauren@gmail.com,34316580179,2014-01-06 00:00:00,Shipping Clerk,7,5.0
284,Manchester Robyn,ManchesterRobyn@gmail.com,34493253248,2016-05-11 00:00:00,Shipping Clerk,7,2.6
285,Mancuso Karen,MancusoKaren@gmail.com,34558645739,2011-07-05 00:00:00,Shipping Clerk,7,7.5
286,Mangal Debbie,MangalDebbie@gmail.com,34542953201,2013-11-11 00:00:00,Shipping Clerk,7,5.1
287,Martin Sandra,MartinSandra@gmail.com,34777040027,2013-11-11 00:00:00,Shipping Clerk,7,5.1
288,Maurice Shana,MauriceShana@gmail.com,885642496,2011-05-31 00:00:00,Shipping Clerk,7,7.6
289,Carthy B'rigit,CarthyB@gmail.com'rigit,610157931,2015-03-30 00:00:00,Shipping Clerk,7,3.8
290,Mckenna Sandy,MckennaSandy@gmail.com,34006756823,2013-01-07 00:00:00,Shipping Clerk,7,6.0
291,McKinzie Jac,McKinzieJac@gmail.com,34656383561,2016-07-06 00:00:00,Shipping Clerk,7,2.5
292,Meads Elizabeth,MeadsElizabeth@gmail.com,34259753268,2012-04-02 00:00:00,Shipping Clerk,7,6.8
293,Medeiros Jennifer,MedeirosJennifer@gmail.com,34783149747,2015-03-30 00:00:00,Shipping Clerk,7,3.8
294,Miller Brannon,MillerBrannon@gmail.com,34745587733,2012-08-16 00:00:00,Shipping Clerk,7,6.4
295,Miller Ned,MillerNed@gmail.com,539663075,2011-08-15 00:00:00,Shipping Clerk,7,7.4
296,Monkfish Erasumus,MonkfishErasumus@gmail.com,551019688,2011-11-07 00:00:00,Shipping Clerk,7,7.2
297,Monroe Peter,MonroePeter@gmail.com,795418559,2012-02-15 00:00:00,Stock Clerk,7,6.9
298,Monterro Luisa,MonterroLuisa@gmail.com,990971041,2013-05-13 00:00:00,Stock Clerk,7,5.6
299,Moran Patrick,MoranPatrick@gmail.com,715589434,2012-01-09 00:00:00,Stock Clerk,7,7.0
300,Morway Tanya,MorwayTanya@gmail.com,444227859,2015-02-16 00:00:00,Stock Clerk,7,3.9
301,Motlagh  Dawn,Motlagh@gmail.com Dawn,783962355,2013-04-01 00:00:00,Stock Clerk,7,5.8
302,Moumanil Maliki,MoumanilMaliki@gmail.com,416978356,2013-05-13 00:00:00,Stock Clerk,7,5.6
303,Myers Michael,MyersMichael@gmail.com,18564905,2013-07-08 00:00:00,Stock Clerk,7,5.5
304,Navathe Kurt,NavatheKurt@gmail.com,352558782,2017-02-10 00:00:00,Stock Clerk,7,1.9
305,Ndzi Colombui,NdziColombui@gmail.com,540200580,2011-09-26 00:00:00,Stock Clerk,7,7.3
306,Ndzi Horia,NdziHoria@gmail.com,760698629,2013-04-01 00:00:00,Stock Clerk,7,5.8
307,Newman Richard,NewmanRichard@gmail.com,851644129,2014-05-12 00:00:00,Stock Clerk,7,4.6
308,Ngodup Shari,NgodupShari@gmail.com,383775576,2013-04-01 00:00:00,Stock Clerk,7,5.8
309,Nguyen Dheepa,NguyenDheepa@gmail.com,34672749853,2013-07-08 00:00:00,Stock Clerk,7,5.5
310,Nguyen Lei-Ming,NguyenLei@gmail.com-Ming,34741476112,2013-07-08 00:00:00,Stock Clerk,7,5.5
311,Nowlan Kristie,NowlanKristie@gmail.com,430936754,2014-11-10 00:00:00,Stock Clerk,7,4.1
312,Ohare Lynn,O@gmail.com'harLynn,94008926,2014-03-31 00:00:00,Stock Clerk,7,4.8
313,Oliver Brooke,OliverBrooke@gmail.com,663293070,2012-05-14 00:00:00,Stock Clerk,8,6.6
314,Onque Jasmine,OnqueJasmine@gmail.com,160274046,2013-09-30 00:00:00,Stock Clerk,8,5.3
315,Osturnka Adeel,OsturnkaAdeel@gmail.com,3485261606,2013-09-30 00:00:00,Stock Clerk,8,5.3
316,Owad Clinton,OwadClinton@gmail.com,68829417,2014-02-17 00:00:00,Stock Clerk,8,4.9
317,Ozark Travis,OzarkTravis@gmail.com,68811771,2015-01-05 00:00:00,Stock Manager,8,4.0
318,Panjwani Nina,PanjwaniNina@gmail.com,68858795,2011-02-07 00:00:00,Stock Manager,8,7.9
319,Patronick Lucas,PatronickLucas@gmail.com,68875372,2011-11-07 00:00:00,Stock Manager,8,7.2
320,Pearson Randall,PearsonRandall@gmail.com,68884316,2014-12-01 00:00:00,Stock Manager,8,4.1
321,Smith Martin,SmithMartin@gmail.com,68813375,2011-01-10 00:00:00,Stock Manager,8,8.0
322,Pelletier Ermine,PelletierErmine@gmail.com,68858637,2011-07-05 00:00:00,Public Accountant,8,7.5
323,Perry Shakira,PerryShakira@gmail.com,68805045,2011-05-16 00:00:00,Accounting Manager,8,7.6
324,Peters Lauren,PetersLauren@gmail.com,68880110,2011-05-16 00:00:00,Administration Assistant,8,7.6
325,Peterson Ebonee,PetersonEbonee@gmail.com,68857691,2010-10-25 00:00:00,President,8,8.2
326,Petingill Shana,PetingillShana@gmail.com,68825445,2012-04-02 00:00:00,Administration Vice President,8,6.8
327,Petrowsky Thelma,PetrowskyThelma@gmail.com,68849795,2014-11-10 00:00:00,Administration Vice President,8,4.1
328,Pham Hong,PhamHong@gmail.com,68813797,2011-07-05 00:00:00,Accountant,8,7.5
329,Pitt Brad,PittBrad@gmail.com,68834959,2007-11-05 00:00:00,Accountant,8,11.2
330,Potts Xana,PottsXana@gmail.com,68885393,2012-01-09 00:00:00,Accountant,8,7.0
331,Power Morissa,PowerMorissa@gmail.com,68847336,2011-05-16 00:00:00,Accountant,8,7.6
332,Punjabhi Louis,PunjabhiLouis@gmail.com,68838334,2014-01-06 00:00:00,Accountant,8,5.0
333,Purinton Janine,PurintonJanine@gmail.com,68858297,2012-09-24 00:00:00,Finance Manager,8,6.3
334,Quinn Sean,QuinnSean@gmail.com,19532846966,2011-02-21 00:00:00,Human Resources Representative,8,7.9
335,Rachael Maggie,RachaelMaggie@gmail.com,11594484231,2016-10-02 00:00:00,Programmer,8,2.2
336,Rarrick Quinn,RarrickQuinn@gmail.com,18184600733,2011-09-26 00:00:00,Programmer,8,7.3
337,Ren Kylo,RenKylo@gmail.com,16334387490,2014-05-12 00:00:00,Programmer,8,4.6
338,Rhoads Thomas,RhoadsThomas@gmail.com,11391279729,2011-05-16 00:00:00,Programmer,8,7.6
339,Rivera Haley,RiveraHaley@gmail.com,12700933298,2011-11-28 00:00:00,Programmer,8,7.1
340,Roberson May,RobersonMay@gmail.com,16928570416,2011-09-26 00:00:00,Marketing Manager,8,7.3
341,Robertson Peter,RobertsonPeter@gmail.com,18288883894,2011-07-05 00:00:00,Marketing Representative,8,7.5
342,Robinson Alain,RobinsonAlain@gmail.com,1259840972,2011-01-10 00:00:00,Public Relations Representative,8,8.0
343,Robinson Cherly,RobinsonCherly@gmail.com,16506042484,2011-01-10 00:00:00,Purchasing Clerk,8,8.0
344,Robinson Elias,RobinsonElias@gmail.com,1079987280,2013-07-08 00:00:00,Purchasing Clerk,8,5.5
345,Roby Lori,RobyLori@gmail.com,1017678451,2015-02-16 00:00:00,Purchasing Clerk,8,3.9
346,Roehrich Bianca,RoehrichBianca@gmail.com,16631138979,2015-01-05 00:00:00,Purchasing Clerk,8,4.0
347,Roper Katie,RoperKatie@gmail.com,10767887264,2017-01-07 00:00:00,Purchasing Clerk,8,2.0
348,Rose Ashley,RoseAshley@gmail.com,18700148290,2014-01-06 00:00:00,Purchasing Manager,8,5.0
349,Rossetti Bruno,RossettiBruno@gmail.com,15622391705,2011-04-04 00:00:00,Sales Manager,8,7.7
350,RoupSimon,RoupSimo@gmail.com,10850824314,2013-01-20 00:00:00,Sales Manager,8,5.9
351,Ruiz Ricardo,RuizRicardo@gmail.com,16298665789,2012-01-09 00:00:00,Sales Manager,8,7.0
352,Saada Adell,SaadaAdell@gmail.com,14854153112,2012-11-05 00:00:00,Sales Manager,8,6.2
353,"SaarBeckles, Melinda",Saar@gmail.com-BeckleMelinda,14114726033,2016-07-04 00:00:00,Sales Manager,8,2.5
354,Sadki Nore,SadkiNore@gmail.com,11682416036,2009-01-05 00:00:00,Sales Representative,8,10.0
355,Sahoo Adil,SahooAdil@gmail.com,1582707843,2010-08-30 00:00:00,Sales Representative,8,8.3
356,Salter Jason,SalterJason@gmail.com,19128517329,2015-01-05 00:00:00,Sales Representative,8,4.0
357,Sander Kamrin,SanderKamrin@gmail.com,19182817745,2014-09-29 00:00:00,Sales Representative,8,4.3
358,Sewkumar Nori,SewkumarNori@gmail.com,19163076932,2013-09-30 00:00:00,Sales Representative,9,5.3
359,Shepard Anita,ShepardAnita@gmail.com,15656026968,2014-09-30 00:00:00,Sales Representative,9,4.3
360,Shields Seffi,ShieldsSeffi@gmail.com,11080310872,2013-08-19 00:00:00,Sales Representative,9,5.4
361,Simard Kramer,SimardKramer@gmail.com,10708353453,2015-01-05 00:00:00,Sales Representative,9,4.0
362,Singh Nan,SinghNan@gmail.com,13423460424,2015-05-01 00:00:00,Sales Representative,9,3.7
363,Sloan Constance,SloanConstance@gmail.com,68868023,2009-10-26 00:00:00,Sales Representative,9,9.2
364,Smith Joe,SmithJoe@gmail.com,68899428,2014-09-29 00:00:00,Sales Representative,9,4.3
365,Smith John,SmithJohn@gmail.com,68821332,2014-05-18 00:00:00,Sales Representative,9,4.6
366,Smith Leigh Ann,SmithLeigh@gmail.com Ann,68850748,2011-09-26 00:00:00,Sales Representative,9,7.3
367,Smith Sade,SmithSade@gmail.com,68884302,2013-11-11 00:00:00,Sales Representative,9,5.1
368,Soto Julia,SotoJulia@gmail.com,68859603,2011-06-10 00:00:00,Sales Representative,9,7.6
369,Soze Keyser,SozeKeyser@gmail.com,68818105,2016-06-30 00:00:00,Sales Representative,9,2.5
370,Sparks Taylor,SparksTaylor@gmail.com,68806262,2012-02-20 00:00:00,Sales Representative,9,6.9
371,Spirea Kelley,SpireaKelley@gmail.com,68812337,2012-10-02 00:00:00,Sales Representative,9,6.2
372,Squatrito Kristen,SquatritoKristen@gmail.com,68856195,2013-05-13 00:00:00,Sales Representative,9,5.6
373,StanfordBarbara,StanfordBarbar@gmail.com,68824657,2011-01-10 00:00:00,Sales Representative,9,8.0
374,Stansfield Norman,StansfieldNorman@gmail.com,68814336,2014-05-12 00:00:00,Sales Representative,9,4.6
375,Steans Tyrone,SteansTyrone@gmail.com,68859812,2014-09-29 00:00:00,Sales Representative,9,4.3
376,Stoica Rick,StoicaRick@gmail.com,68847192,2014-02-17 00:00:00,Sales Representative,9,4.9
377,Strong Caitrin,StrongCaitrin@gmail.com,68872343,2010-09-27 00:00:00,Sales Representative,9,8.3
378,Sullivan Kissy,SullivanKissy@gmail.com,68881765,2009-01-08 00:00:00,Sales Representative,9,10.0
379,Sullivan Timothy,SullivanTimothy@gmail.com,68827466,2015-01-05 00:00:00,Sales Representative,9,4.0
380,Sutwell Barbara,SutwellBarbara@gmail.com,68803253,2012-05-14 00:00:00,Sales Representative,9,6.6
381,Szabo Andrew,SzaboAndrew@gmail.com,68861306,2014-07-07 00:00:00,Sales Representative,9,4.5
382,Tannen Biff,TannenBiff@gmail.com,68891860,2017-04-20 00:00:00,Sales Representative,9,1.7
383,Tavares Desiree,TavaresDesiree@gmail.com,68827036,2009-04-27 00:00:00,Sales Representative,9,9.7
384,Tejeda Lenora,TejedaLenora@gmail.com,68896261,2011-05-16 00:00:00,Shipping Clerk,9,7.6
385,Terry Sharlene,TerrySharlene@gmail.com,68825086,2014-09-29 00:00:00,Shipping Clerk,9,4.3
386,Theamstern Sophia,TheamsternSophia@gmail.com,68809651,2011-07-05 00:00:00,Shipping Clerk,9,7.5
387,Thibaud Kenneth,ThibaudKenneth@gmail.com,68820668,2007-06-25 00:00:00,Shipping Clerk,9,11.5
388,Tippett Jeanette,TippettJeanette@gmail.com,68888019,2013-02-18 00:00:00,Shipping Clerk,9,5.9
389,Torrence Jack,TorrenceJack@gmail.com,68831329,2006-01-09 00:00:00,Shipping Clerk,9,13.0
390,Trang Mei,TrangMei@gmail.com,68876700,2014-02-17 00:00:00,Shipping Clerk,9,4.9
391,Tredinnick Neville,TredinnickNeville@gmail.com,68839797,2015-01-05 00:00:00,Stock Clerk,9,4.0
392,True Edward,TrueEdward@gmail.com,68876484,2013-02-18 00:00:00,Stock Clerk,9,5.9
393,Trzeciak Cybil,TrzeciakCybil@gmail.com,68847386,2011-01-10 00:00:00,Stock Clerk,9,8.0
394,Turpin Jumil,TurpinJumil@gmail.com,68881172,2015-03-30 00:00:00,Stock Clerk,9,3.8
395,ValentinJackie,ValentinJacki@gmail.com,9800121244,2011-07-05 00:00:00,Stock Clerk,9,7.5
396,Veera Abdellah,VeeraAbdellah@gmail.com,8788092231,2012-08-13 00:00:00,Stock Clerk,9,6.4
397,Vega Vincent,VegaVincent@gmail.com,6700989921,2011-08-01 00:00:00,Stock Manager,9,7.4
398,Villanueva Noah,VillanuevaNoah@gmail.com,7890991231,2008-09-11 00:00:00,Stock Manager,9,10.3
399,Zima Colleen,ZimaColleen@gmail.com,8690991436,2010-02-02 00:00:00,Stock Manager,9,8.9
400,Volk Colleen,VolkCollen@gmail.com,9426826971,2000-05-15 00:00:00,Stock Manager,9,18.6
