warehouse_id,warehouse_name,warehouse_address,city,state,postal_code,region,country
1,Southlake Texas,2014 Jabberwocky Rd,Southlake,Texas,26192,South America,United States of America
2,San Francisco,2011 Interiors Blvd,South San Francisco,California,99236,North America,United States of America
3,New Jersey,2007 Zagora St,South Brunswick,New Jersey,50090,North America,United States of America
4,Seattle Washington,2004 Charade Rd,Seattle,Washington,98199,North America,United States of America
5,Toronto,147 Spadina Ave,Toronto,Ontario,M5V 2L7,North America,Canada
6,Sydney,12-98 Victoria Street,Sydney,New South Wales,2901,Australia,Australia
7,Mexico City,Mariano Escobedo 9991,Mexico City,Distrito Federal,11932,North America,Mexico
8,Beijing,40-5-12 Laogianggen,Beijing,Beijing,190518,Asia,China
9,Bombay,1298 Vileparle (E),Bombay,Maharashtra,490231,Asia,India
